[{"updated": 1557772268, "isTemplate": false, "count": 0, "data": [{"text": "just going to say hi", "userDefined": false}], "id": "dec5d641-90e3-c53b-125c-e87db52b6476"}, {"updated": 1557772268, "isTemplate": false, "count": 0, "data": [{"text": "heya", "userDefined": false}], "id": "f0a47cd2-b089-0c73-e085-330a6abb5e50"}, {"updated": 1557772268, "isTemplate": false, "count": 0, "data": [{"text": "hello hi", "userDefined": false}], "id": "41469ae0-0048-afb3-8b81-06a7b09c4e20"}, {"updated": 1557772268, "isTemplate": false, "count": 0, "data": [{"text": "howdy", "userDefined": false}], "id": "150ec8ce-7017-83a6-a1ab-cf9fede97751"}, {"updated": 1557772268, "isTemplate": false, "count": 0, "data": [{"text": "hey there", "userDefined": false}], "id": "511ca272-1a83-90d6-25ed-1f716087ac04"}, {"updated": 1557772268, "isTemplate": false, "count": 0, "data": [{"text": "hi there", "userDefined": false}], "id": "b88c68e5-f8bf-fb6f-6830-9310553686ac"}, {"updated": 1557772268, "isTemplate": false, "count": 0, "data": [{"text": "greetings", "userDefined": false}], "id": "cf67319d-4b8d-0cbd-6f5c-5cb88c1550d0"}, {"updated": 1557772268, "isTemplate": false, "count": 0, "data": [{"text": "hey", "userDefined": false}], "id": "f8c0ad2e-2209-aa0d-6a0c-753528951941"}, {"updated": 1557772268, "isTemplate": false, "count": 0, "data": [{"text": "long time no see", "userDefined": false}], "id": "8b0bd259-8c7d-3f80-d50d-0604610fd122"}, {"updated": 1557772268, "isTemplate": false, "count": 0, "data": [{"text": "hello", "userDefined": false}], "id": "aa056eba-0c90-3fa8-f805-87021f00f733"}, {"updated": 1557772268, "isTemplate": false, "count": 0, "data": [{"text": "lovely day isn't it", "userDefined": false}], "id": "64609a74-8248-09c7-d5de-04ab803d7050"}, {"updated": 1557772268, "isTemplate": false, "count": 0, "data": [{"text": "I greet you", "userDefined": false}], "id": "61e471fd-a4ca-b700-0211-33ff80650be4"}, {"updated": 1557772268, "isTemplate": false, "count": 0, "data": [{"text": "hello again", "userDefined": false}], "id": "0a8e0951-02a2-161f-4b83-3ce814758e59"}, {"updated": 1557772268, "isTemplate": false, "count": 0, "data": [{"text": "hi", "userDefined": false}], "id": "3befb1bd-0e08-b906-b802-f9072a40327e"}, {"updated": 1557772268, "isTemplate": false, "count": 0, "data": [{"text": "hello there", "userDefined": false}], "id": "f38c59fd-0450-ccd7-e1d3-559a0781acc4"}, {"updated": 1557772268, "isTemplate": false, "count": 0, "data": [{"text": "a good day", "userDefined": false}], "id": "da7f027c-aaf9-63d4-d034-e7c960381026"}]