[{"data": [{"userDefined": false, "text": "just going to say hi"}], "id": "fa7c17cc-dbac-884e-6108-4eeb2a1032b8", "isTemplate": false, "updated": 1557992060, "count": 0}, {"data": [{"userDefined": false, "text": "heya"}], "id": "0bb0c8f0-f26f-6203-164e-8a58ccde0fdf", "isTemplate": false, "updated": 1557992060, "count": 0}, {"data": [{"userDefined": false, "text": "hello hi"}], "id": "701be009-fa29-8a3e-2cf0-36c7f87caedb", "isTemplate": false, "updated": 1557992060, "count": 0}, {"data": [{"userDefined": false, "text": "howdy"}], "id": "d3b8a4b3-6c24-0326-029e-03880c8e6303", "isTemplate": false, "updated": 1557992060, "count": 0}, {"data": [{"userDefined": false, "text": "hey there"}], "id": "0486e08f-7d6c-4fda-732f-cd2e4a8a7883", "isTemplate": false, "updated": 1557992060, "count": 0}, {"data": [{"userDefined": false, "text": "hi there"}], "id": "d1e90810-bee2-8b8b-99c1-345ed8f6c8c9", "isTemplate": false, "updated": 1557992060, "count": 0}, {"data": [{"userDefined": false, "text": "greetings"}], "id": "30911161-67b2-cf6b-e999-930a9b036d8e", "isTemplate": false, "updated": 1557992060, "count": 0}, {"data": [{"userDefined": false, "text": "hey"}], "id": "050fc99e-0ffe-99d9-d831-07c818503a1b", "isTemplate": false, "updated": 1557992060, "count": 0}, {"data": [{"userDefined": false, "text": "long time no see"}], "id": "6c90c35f-4951-749e-fa2f-6b1a8e305632", "isTemplate": false, "updated": 1557992060, "count": 0}, {"data": [{"userDefined": false, "text": "hello"}], "id": "999e2c22-c295-613c-a8d0-2af4179507ec", "isTemplate": false, "updated": 1557992060, "count": 0}, {"data": [{"userDefined": false, "text": "lovely day isn't it"}], "id": "add03080-1400-e0ee-2910-f1cc588093d9", "isTemplate": false, "updated": 1557992060, "count": 0}, {"data": [{"userDefined": false, "text": "I greet you"}], "id": "f3a30de3-e8ff-9003-b738-8dc1f9a7474a", "isTemplate": false, "updated": 1557992060, "count": 0}, {"data": [{"userDefined": false, "text": "hello again"}], "id": "6d96a9e2-f39d-6389-b44b-70f5189edb09", "isTemplate": false, "updated": 1557992060, "count": 0}, {"data": [{"userDefined": false, "text": "hi"}], "id": "828e803d-cb5c-3864-29d9-1d38490a4341", "isTemplate": false, "updated": 1557992060, "count": 0}, {"data": [{"userDefined": false, "text": "hello there"}], "id": "f460f5a0-8db7-5f55-4dea-42967a8f9ea0", "isTemplate": false, "updated": 1557992060, "count": 0}, {"data": [{"userDefined": false, "text": "a good day"}], "id": "ca22c957-0ac7-ad60-f860-34068495dfca", "isTemplate": false, "updated": 1557992060, "count": 0}]