[
  {
    "id": "29cf7b05-df77-4331-ba03-f46c199c627e",
    "data": [
      {
        "text": "just going to say hi",
        "userDefined": false
      }
    ],
    "isTemplate": false,
    "count": 0,
    "updated": 1560751446
  },
  {
    "id": "4112dda5-cf77-483c-99eb-166330d2d84d",
    "data": [
      {
        "text": "heya",
        "userDefined": false
      }
    ],
    "isTemplate": false,
    "count": 0,
    "updated": 1560751446
  },
  {
    "id": "58bd1820-d186-4dd7-ad3f-06a62ccc3e27",
    "data": [
      {
        "text": "hello hi",
        "userDefined": false
      }
    ],
    "isTemplate": false,
    "count": 0,
    "updated": 1560751446
  },
  {
    "id": "b5c0ab0e-5345-449e-be4c-610d05fd6a15",
    "data": [
      {
        "text": "howdy",
        "userDefined": false
      }
    ],
    "isTemplate": false,
    "count": 0,
    "updated": 1560751446
  },
  {
    "id": "02c33c20-72ce-45e7-b12e-22a178a3873c",
    "data": [
      {
        "text": "hey there",
        "userDefined": false
      }
    ],
    "isTemplate": false,
    "count": 0,
    "updated": 1560751446
  },
  {
    "id": "5f7362e9-fa11-4383-96d3-768ccd853c37",
    "data": [
      {
        "text": "hi there",
        "userDefined": false
      }
    ],
    "isTemplate": false,
    "count": 0,
    "updated": 1560751446
  },
  {
    "id": "f7531ccf-9689-4e24-9b33-76f176b4b8ce",
    "data": [
      {
        "text": "greetings",
        "userDefined": false
      }
    ],
    "isTemplate": false,
    "count": 0,
    "updated": 1560751446
  },
  {
    "id": "2f1880e7-f3ab-4b8c-8d78-428d0edc7756",
    "data": [
      {
        "text": "hey",
        "userDefined": false
      }
    ],
    "isTemplate": false,
    "count": 0,
    "updated": 1560751446
  },
  {
    "id": "7e855a5b-abde-4100-b7bf-6f8baf53f67d",
    "data": [
      {
        "text": "long time no see",
        "userDefined": false
      }
    ],
    "isTemplate": false,
    "count": 0,
    "updated": 1560751446
  },
  {
    "id": "2d522378-fbec-4999-985d-bdb326b6e2f3",
    "data": [
      {
        "text": "hello",
        "userDefined": false
      }
    ],
    "isTemplate": false,
    "count": 0,
    "updated": 1560751446
  },
  {
    "id": "77470601-17ad-4875-afcd-4317ad698854",
    "data": [
      {
        "text": "lovely day isn\u0027t it",
        "userDefined": false
      }
    ],
    "isTemplate": false,
    "count": 0,
    "updated": 1560751446
  },
  {
    "id": "f3e84c93-b07c-452e-b88d-73cbef48ca89",
    "data": [
      {
        "text": "I greet you",
        "userDefined": false
      }
    ],
    "isTemplate": false,
    "count": 0,
    "updated": 1560751446
  },
  {
    "id": "fb6b9e09-aef7-4089-a9b8-a60096620ec1",
    "data": [
      {
        "text": "hello again",
        "userDefined": false
      }
    ],
    "isTemplate": false,
    "count": 0,
    "updated": 1560751446
  },
  {
    "id": "14bce54e-532f-4794-827c-47fb55be8789",
    "data": [
      {
        "text": "hi",
        "userDefined": false
      }
    ],
    "isTemplate": false,
    "count": 0,
    "updated": 1560751446
  },
  {
    "id": "6ab3bc74-da3a-4cfd-b1ec-21c71dbc2d21",
    "data": [
      {
        "text": "hello there",
        "userDefined": false
      }
    ],
    "isTemplate": false,
    "count": 0,
    "updated": 1560751446
  },
  {
    "id": "26bae536-4fc4-4269-9d56-76065f74a107",
    "data": [
      {
        "text": "a good day",
        "userDefined": false
      }
    ],
    "isTemplate": false,
    "count": 0,
    "updated": 1560751446
  }
]