[
  {
    "id": "43bc9a54-3c29-43dc-851d-ab3ad13fdf26",
    "data": [
      {
        "text": "just going to say hi",
        "userDefined": false
      }
    ],
    "isTemplate": false,
    "count": 0,
    "updated": 1560143954
  },
  {
    "id": "2ead3bbb-4875-4147-bc33-95556a7b43be",
    "data": [
      {
        "text": "heya",
        "userDefined": false
      }
    ],
    "isTemplate": false,
    "count": 0,
    "updated": 1560143954
  },
  {
    "id": "3fcd80ec-5f02-4688-9721-ca6c217343ff",
    "data": [
      {
        "text": "hello hi",
        "userDefined": false
      }
    ],
    "isTemplate": false,
    "count": 0,
    "updated": 1560143954
  },
  {
    "id": "682c666c-78d9-4002-9648-a0d07a79af23",
    "data": [
      {
        "text": "howdy",
        "userDefined": false
      }
    ],
    "isTemplate": false,
    "count": 0,
    "updated": 1560143954
  },
  {
    "id": "d74f8334-4078-422e-b7e1-bc0be7988ed0",
    "data": [
      {
        "text": "hey there",
        "userDefined": false
      }
    ],
    "isTemplate": false,
    "count": 0,
    "updated": 1560143954
  },
  {
    "id": "909418a6-2972-4009-8041-ddf61c772637",
    "data": [
      {
        "text": "hi there",
        "userDefined": false
      }
    ],
    "isTemplate": false,
    "count": 0,
    "updated": 1560143954
  },
  {
    "id": "0e769021-d632-46b8-a5b0-1ba711d77625",
    "data": [
      {
        "text": "greetings",
        "userDefined": false
      }
    ],
    "isTemplate": false,
    "count": 0,
    "updated": 1560143954
  },
  {
    "id": "0693a157-0c01-48f6-8726-8b9be6cc217b",
    "data": [
      {
        "text": "hey",
        "userDefined": false
      }
    ],
    "isTemplate": false,
    "count": 0,
    "updated": 1560143954
  },
  {
    "id": "86ce543e-844e-4e86-ae0b-f89db9c866ef",
    "data": [
      {
        "text": "long time no see",
        "userDefined": false
      }
    ],
    "isTemplate": false,
    "count": 0,
    "updated": 1560143954
  },
  {
    "id": "68b50835-ea76-4980-a015-33c97e4c141e",
    "data": [
      {
        "text": "hello",
        "userDefined": false
      }
    ],
    "isTemplate": false,
    "count": 0,
    "updated": 1560143954
  },
  {
    "id": "ebae1d82-9cc9-48bf-b924-4e057c29755c",
    "data": [
      {
        "text": "lovely day isn\u0027t it",
        "userDefined": false
      }
    ],
    "isTemplate": false,
    "count": 0,
    "updated": 1560143954
  },
  {
    "id": "86943216-bdce-437f-b3db-9362bdab2bf2",
    "data": [
      {
        "text": "I greet you",
        "userDefined": false
      }
    ],
    "isTemplate": false,
    "count": 0,
    "updated": 1560143954
  },
  {
    "id": "e37e5c1b-004c-4193-9e1e-f7fabd041ae5",
    "data": [
      {
        "text": "hello again",
        "userDefined": false
      }
    ],
    "isTemplate": false,
    "count": 0,
    "updated": 1560143954
  },
  {
    "id": "b7f30451-0735-4325-8b3b-2da28845172b",
    "data": [
      {
        "text": "hi",
        "userDefined": false
      }
    ],
    "isTemplate": false,
    "count": 0,
    "updated": 1560143954
  },
  {
    "id": "57faa576-cf44-49b9-af90-ff76f34da05f",
    "data": [
      {
        "text": "hello there",
        "userDefined": false
      }
    ],
    "isTemplate": false,
    "count": 0,
    "updated": 1560143954
  },
  {
    "id": "5d80cfc8-d6be-4665-8324-8a7f1488a0e1",
    "data": [
      {
        "text": "a good day",
        "userDefined": false
      }
    ],
    "isTemplate": false,
    "count": 0,
    "updated": 1560143954
  }
]