[
  {
    "id": "3feefa49-80ab-46d6-9fed-206805f2a588",
    "data": [
      {
        "text": "i want coffee",
        "userDefined": false
      }
    ],
    "isTemplate": false,
    "count": 0,
    "updated": 1560143954
  },
  {
    "id": "26696626-19a3-43e5-87cd-1310a2881bac",
    "data": [
      {
        "text": "lim kopi ai mai",
        "userDefined": false
      }
    ],
    "isTemplate": false,
    "count": 0,
    "updated": 1560143954
  },
  {
    "id": "7272bb76-d97d-4725-82d4-a92ca73c45bf",
    "data": [
      {
        "text": "kopi siu dai gam xia",
        "userDefined": false
      }
    ],
    "isTemplate": false,
    "count": 0,
    "updated": 1560143954
  }
]