[
  {
    "id": "82ec5ca0-62db-43ba-9395-d356239c748e",
    "data": [
      {
        "text": "i want ",
        "userDefined": false
      },
      {
        "text": "coffee",
        "alias": "drink",
        "meta": "@drink",
        "userDefined": true
      }
    ],
    "isTemplate": false,
    "count": 0,
    "updated": 1560751446
  },
  {
    "id": "3cc50456-56a2-4964-92f8-8e81482b22d6",
    "data": [
      {
        "text": "lim kopi ai mai",
        "userDefined": false
      }
    ],
    "isTemplate": false,
    "count": 0,
    "updated": 1560751446
  },
  {
    "id": "fe9f8a65-c05d-4ef2-b035-9ffdbb06cab1",
    "data": [
      {
        "text": "kopi siu dai gam xia",
        "userDefined": false
      }
    ],
    "isTemplate": false,
    "count": 0,
    "updated": 1560751446
  }
]