[
  {
    "id": "50dab24d-81c6-45ba-8dc9-a4f07035c58a",
    "data": [
      {
        "text": "make ",
        "userDefined": false
      },
      {
        "text": "four steps right",
        "alias": "movement",
        "meta": "@movement",
        "userDefined": true
      }
    ],
    "isTemplate": false,
    "count": 0,
    "updated": 0
  },
  {
    "id": "5bcc8e88-2c33-47aa-a84a-b5598f00dffa",
    "data": [
      {
        "text": "https://googlecloud.tips/tips/022-dialogflow-composite-entities/",
        "userDefined": false
      }
    ],
    "isTemplate": false,
    "count": 0,
    "updated": 0
  },
  {
    "id": "d47dd385-8c02-4248-99a5-fef1f5eb6e5b",
    "data": [
      {
        "text": "make ",
        "userDefined": false
      },
      {
        "text": "three steps left",
        "alias": "movement",
        "meta": "@movement",
        "userDefined": true
      }
    ],
    "isTemplate": false,
    "count": 0,
    "updated": 0
  }
]