[
  {
    "id": "23968b46-97bb-4792-aaaf-a943d30948c6",
    "data": [
      {
        "text": "i want ",
        "userDefined": false
      },
      {
        "text": "coffee",
        "alias": "drink",
        "meta": "@drink",
        "userDefined": true
      }
    ],
    "isTemplate": false,
    "count": 0,
    "updated": 0
  },
  {
    "id": "cf2cd383-6f36-4a61-8b69-19bba044be28",
    "data": [
      {
        "text": "lim kopi ai mai",
        "userDefined": false
      }
    ],
    "isTemplate": false,
    "count": 0,
    "updated": 0
  },
  {
    "id": "22528e06-ff41-4b56-865b-71a4488d6ae7",
    "data": [
      {
        "text": "kopi siu dai gam xia",
        "userDefined": false
      }
    ],
    "isTemplate": false,
    "count": 0,
    "updated": 0
  }
]