[
  {
    "id": "32dd73f3-4507-4c68-bc12-81979b918a15",
    "data": [
      {
        "text": "1",
        "alias": "Invoice-Number",
        "meta": "@Invoice-Number",
        "userDefined": false
      },
      {
        "text": " x trouble",
        "userDefined": false
      }
    ],
    "isTemplate": false,
    "count": 0,
    "updated": 0
  },
  {
    "id": "cfbd1c33-8d3c-4457-8300-c412a470636f",
    "data": [
      {
        "text": "kua simi kua",
        "userDefined": false
      }
    ],
    "isTemplate": false,
    "count": 0,
    "updated": 0
  },
  {
    "id": "1088e638-06a9-48e2-b519-8359f2c1cdd4",
    "data": [
      {
        "text": "le kua si mi",
        "userDefined": false
      }
    ],
    "isTemplate": false,
    "count": 0,
    "updated": 0
  }
]