[{"count": 0, "updated": 1558423309, "data": [{"text": "just going to say hi", "userDefined": false}], "isTemplate": false, "id": "8ec11be7-0b8f-9e74-8303-ad6c532309ee"}, {"count": 0, "updated": 1558423309, "data": [{"text": "heya", "userDefined": false}], "isTemplate": false, "id": "a840102c-2881-b015-1209-88b2b8dc6123"}, {"count": 0, "updated": 1558423309, "data": [{"text": "hello hi", "userDefined": false}], "isTemplate": false, "id": "9c6cc964-ee07-00e0-a0de-6ff0c951249c"}, {"count": 0, "updated": 1558423309, "data": [{"text": "howdy", "userDefined": false}], "isTemplate": false, "id": "73df6a56-862b-7c7c-e090-ddf2e9931f58"}, {"count": 0, "updated": 1558423309, "data": [{"text": "hey there", "userDefined": false}], "isTemplate": false, "id": "35b1bc0b-be0d-3c64-0374-184f65a8cd18"}, {"count": 0, "updated": 1558423309, "data": [{"text": "hi there", "userDefined": false}], "isTemplate": false, "id": "5c5c8400-5c66-0e59-d307-108d2c8e2401"}, {"count": 0, "updated": 1558423309, "data": [{"text": "greetings", "userDefined": false}], "isTemplate": false, "id": "a917007d-5fc0-dd22-b050-07d11795f471"}, {"count": 0, "updated": 1558423309, "data": [{"text": "hey", "userDefined": false}], "isTemplate": false, "id": "00f0af9c-32df-5aa4-98e0-fd0a590b5c67"}, {"count": 0, "updated": 1558423309, "data": [{"text": "long time no see", "userDefined": false}], "isTemplate": false, "id": "cf4ad6f4-0450-25a3-0359-9d443f54d00a"}, {"count": 0, "updated": 1558423309, "data": [{"text": "hello", "userDefined": false}], "isTemplate": false, "id": "7700001d-7fab-1d3e-0a0b-a6ce7b14ca50"}, {"count": 0, "updated": 1558423309, "data": [{"text": "lovely day isn't it", "userDefined": false}], "isTemplate": false, "id": "755e009e-4e21-1617-eb00-00cc6ce6cbe0"}, {"count": 0, "updated": 1558423309, "data": [{"text": "I greet you", "userDefined": false}], "isTemplate": false, "id": "5317f894-7a0d-1360-c6f2-80839c83178c"}, {"count": 0, "updated": 1558423309, "data": [{"text": "hello again", "userDefined": false}], "isTemplate": false, "id": "8f077777-02e7-d983-6a87-46d1a1db53fe"}, {"count": 0, "updated": 1558423309, "data": [{"text": "hi", "userDefined": false}], "isTemplate": false, "id": "de7c2094-b96b-dc21-f8d0-69de74c8025c"}, {"count": 0, "updated": 1558423309, "data": [{"text": "hello there", "userDefined": false}], "isTemplate": false, "id": "609c1d20-6364-c443-c2c2-8432502b29db"}, {"count": 0, "updated": 1558423309, "data": [{"text": "a good day", "userDefined": false}], "isTemplate": false, "id": "fee07bdd-8e4c-7ed9-d989-fb79ee5ed1cf"}]