[{"data": [{"userDefined": false, "text": "just going to say hi"}], "id": "0785c6a5-c79a-61a0-471e-25ff77505040", "isTemplate": false, "count": 0, "updated": 1560752383}, {"data": [{"userDefined": false, "text": "heya"}], "id": "406534ae-465c-c0de-0bcb-6034a9b861ef", "isTemplate": false, "count": 0, "updated": 1560752383}, {"data": [{"userDefined": false, "text": "hello hi"}], "id": "4acb2090-3c1b-8e0f-7564-672c005f35f1", "isTemplate": false, "count": 0, "updated": 1560752383}, {"data": [{"userDefined": false, "text": "howdy"}], "id": "8fd53093-e802-b017-4d2d-0e595fdf906f", "isTemplate": false, "count": 0, "updated": 1560752383}, {"data": [{"userDefined": false, "text": "hey there"}], "id": "bf5bd190-3080-d1f6-95ac-0ae1ebcc03c0", "isTemplate": false, "count": 0, "updated": 1560752383}, {"data": [{"userDefined": false, "text": "hi there"}], "id": "1def7aba-bb00-c13f-20d8-17c6af065a98", "isTemplate": false, "count": 0, "updated": 1560752383}, {"data": [{"userDefined": false, "text": "greetings"}], "id": "70212aa3-54de-0cc9-a635-8d6d9f3450ad", "isTemplate": false, "count": 0, "updated": 1560752383}, {"data": [{"userDefined": false, "text": "hey"}], "id": "364c37fd-7091-757e-7795-bf5d24ec390b", "isTemplate": false, "count": 0, "updated": 1560752383}, {"data": [{"userDefined": false, "text": "long time no see"}], "id": "3ce7639c-5c54-bf3f-9080-924b733e4184", "isTemplate": false, "count": 0, "updated": 1560752383}, {"data": [{"userDefined": false, "text": "hello"}], "id": "3a39b65f-4745-e7fa-aecc-b6e8787efdd1", "isTemplate": false, "count": 0, "updated": 1560752383}, {"data": [{"userDefined": false, "text": "lovely day isn't it"}], "id": "7aa0ab01-20eb-a068-0a53-b8e0237e0d60", "isTemplate": false, "count": 0, "updated": 1560752383}, {"data": [{"userDefined": false, "text": "I greet you"}], "id": "deed5686-7050-f93c-d000-9299e7d38edd", "isTemplate": false, "count": 0, "updated": 1560752383}, {"data": [{"userDefined": false, "text": "hello again"}], "id": "847f40b8-1686-3c10-22c6-a803af1528f0", "isTemplate": false, "count": 0, "updated": 1560752383}, {"data": [{"userDefined": false, "text": "hi"}], "id": "0d899fb3-d620-08c6-89b5-f2377d88e972", "isTemplate": false, "count": 0, "updated": 1560752383}, {"data": [{"userDefined": false, "text": "hello there"}], "id": "e4cdd5df-3777-a60d-8226-336cb017c6f6", "isTemplate": false, "count": 0, "updated": 1560752383}, {"data": [{"userDefined": false, "text": "a good day"}], "id": "f6906486-c104-b44a-877d-629203e220f8", "isTemplate": false, "count": 0, "updated": 1560752383}]